{
  "project_info": {
    "project_number": "778648222403",
    "project_id": "flutterapp-ed7f0",
    "storage_bucket": "flutterapp-ed7f0.firebasestorage.app"
  },
  "client": [
    {
      "client_info": {
        "mobilesdk_app_id": "1:778648222403:android:0f6d8595eb2fe259ab0076",
        "android_client_info": {
          "package_name": "com.firebasesapps.app"
        }
      },
      "oauth_client": [],
      "api_key": [
        {
          "current_key": "AIzaSyCsGX6KzTLrx9-zgNMIZR8T-R_u9ee90UE"
        }
      ],
      "services": {
        "appinvite_service": {
          "other_platform_oauth_client": []
        }
      }
    }
  ],
  "configuration_version": "1"
}